[
    {
        "book_id": 1,
        "title": "Goodnight Moon",
        "author": "Margaret Wise Brown",
        "year_published": "1953"
    },
    {
        "book_id": 2,
        "title": "Green Eggs and Ham",
        "author": "Dr. Seuss",
        "year_published": "1960"
    },
    {
        "book_id": 3,
        "title": "Where the Wild Things Are",
        "author": "Maurice Sendak",
        "year_published": "1963"
    },
    {
        "book_id": 4,
        "title": "The Hobbit",
        "author": "J. R. R. Tolkien",
        "year_published": "1937"
    },
    {
        "book_id": 5,
        "title": "Curious George",
        "author": "H. A. Rey",
        "year_published": "1941"
    },
    {
        "book_id": 6,
        "title": "Alice's Adventures in Wonderland",
        "author": "1865",
        "year_published": "Lewis Carroll"
    }
]